distribution,tau,mismatch,c,r,r2
gaussian,0.2,0.0,1.8014233117662881,0.8328880313268678,0.6937024727275456
gaussian,0.2,0.1,1.8014778342609992,0.8341864544013896,0.6958670407067616
gaussian,0.2,0.2,1.8016423450285053,0.8380699659500996,0.7023612678276012
gaussian,0.2,0.30000000000000004,1.8019196689110555,0.8445038639232509,0.7131867761813008
gaussian,0.2,0.4,1.8023144964176427,0.853432155631926,0.7283464442665559
gaussian,0.2,0.5,1.8028333548353705,0.864780127853019,0.747844669529484
gaussian,0.2,0.6000000000000001,1.8034845630359788,0.8784575887773831,0.7716877352805739
gaussian,0.2,0.7000000000000001,1.804278166060247,0.8943624992044223,0.7998842799831803
gaussian,0.2,0.8,1.8052258455219994,0.9123847130561539,0.8324458646185603
gaussian,0.2,0.9,1.8063408024808534,0.9324095831165944,0.8693876306876613
gaussian,0.2,1.0,1.8076376106533822,0.9543212444547,0.9107290376175673
gaussian,0.2,1.1,1.809132039548364,0.9780054520616108,0.9564946642622357
gaussian,0.2,1.2000000000000002,1.8108408491316081,1.0033519099920791,1.0067150552847532
gaussian,0.2,1.3,1.8127815597081625,1.0302560798023155,1.061427589969635
gaussian,0.2,1.4000000000000001,1.814972202599698,1.0586204933172252,1.1206773488712052
gaussian,0.2,1.5,1.8174310586644262,1.0883556187938503,1.1845179529601448
gaussian,0.2,1.6,1.8201763925903478,1.1193803422904454,1.2530123507062747
gaussian,0.2,1.7000000000000002,1.8232261911105425,1.1516221301957172,1.3262335307565216
gaussian,0.2,1.8,1.8265979128552627,1.1850169371290056,1.4042651412826095
gaussian,0.2,1.9000000000000001,1.830308256565702,1.2195089180931307,1.4872020013086782
gaussian,0.2,2.0,1.8343729530035016,1.25504999659546,1.5751504939542642
gaussian,0.2,2.1,1.8388065842808141,1.2915993326584538,1.6682288361237634
gaussian,0.2,2.2,1.8436224326887614,1.3291227269852335,1.7665672233886636
gaussian,0.2,2.3000000000000003,1.848832359571007,1.3675919904689973,1.870307852394954
gaussian,0.2,2.4000000000000004,1.8544467134860416,1.4069843019562462,1.9796048259513055
gaussian,0.2,2.5,1.8604742658917734,1.4472815717706284,2.094623947986861
gaussian,0.2,2.6,1.8669221718896774,1.4884698239698873,2.215542416868947
gaussian,0.2,2.7,1.8737959531684776,1.5305386065880566,2.34254842625651
gaussian,0.2,2.8000000000000003,1.8810995001487725,1.5734804361284607,2.475840682879011
gaussian,0.2,2.9000000000000004,1.8888350903966498,1.6172902802288087,2.6156278505225785
gaussian,0.2,3.0,1.8970034205877697,1.66196508062327,2.762127929211112
gaussian,0.2,3.1,1.9056036496080355,1.7075033171858411,2.915567578200651
gaussian,0.2,3.2,1.9146334507248683,1.753904612868921,3.07618139104288
gaussian,0.2,3.3000000000000003,1.9240890711153498,1.8011693786724323,3.244211130667236
gaussian,0.2,3.4000000000000004,1.9339653973662443,1.8492984973243123,3.4199049322059594
gaussian,0.2,3.5,1.9442560258473598,1.8982930440639225,3.6035164811414733
gaussian,0.2,3.6,1.9549533370939536,1.9481540427481085,3.7953041742757994
gaussian,0.2,3.7,1.966048573512678,1.9988822554066286,3.9955302709794904
gaussian,0.2,3.8000000000000003,1.9775319198507877,2.050478003329915,4.204460042139835
gaussian,0.2,3.9000000000000004,1.989392585945807,2.102941017756327,4.4223609241620165
gaussian,0.2,4.0,2.001618891310153,2.1562703182230747,4.64950168524984
gaussian,0.2,4.1000000000000005,2.0141983511118506,2.210464116646425,4.88615161098146
gaussian,0.2,4.2,2.027117763097381,2.2655197451975275,5.13257971587987
gaussian,0.2,4.3,2.04036329497518,2.3214336060397422,5.389053987250681
gaussian,0.2,4.4,2.0539205717461693,2.378201140992494,5.6558406670179995
gaussian,0.2,4.5,2.0677747624378604,2.4358168191885428,5.93320357664179
gaussian,0.2,4.6000000000000005,2.081910665676454,2.494274140799413,6.221403489460649
gaussian,0.2,4.7,2.096312793520615,2.553565654920951,6.520697553991866
gaussian,0.2,4.800000000000001,2.1109654529839568,2.6136829897409974,6.831338770861439
gaussian,0.2,4.9,2.1258528246913397,2.6746168931557412,7.15357552515407
gaussian,0.2,5.0,2.1409590381470376,2.7363572820623503,7.487651175095653
gaussian,0.2,5.1000000000000005,2.156268243139191,2.7988932986328883,7.83380369713209
gaussian,0.2,5.2,2.1717646768628933,2.862213371967749,8.192265386670993
gaussian,0.2,5.300000000000001,2.1874327264113576,2.926305283634668,8.563262613028174
gaussian,0.2,5.4,2.2032569863578395,2.9911562357187846,8.94701562647937
gaussian,0.2,5.5,2.2192223112278224,3.056752920138496,9.343738414775222
gaussian,0.2,5.6000000000000005,2.2353138627383835,3.1230815881168787,9.753638606034645
gaussian,0.2,5.7,2.2515171517572905,3.190128118836972,10.176917414594318
gaussian,0.2,5.800000000000001,2.2678180750059167,3.2578780864473615,10.613769626153923
gaussian,0.2,5.9,2.2842029465959275,3.3263168247201538,11.064383618416366
gaussian,0.2,6.0,2.300658524548261,3.3954294887933107,11.528941413367203
gaussian,0.2,6.1000000000000005,2.317172032493659,3.46520111355213,12.007618757362922
gaussian,0.2,6.2,2.3337311767957036,3.5356166683173464,12.500585225283453
gaussian,0.2,6.300000000000001,2.3503241593731032,3.606661107614232,13.008004345177119
gaussian,0.2,6.4,2.3669396865163237,3.6783194178785013,13.530033739942036
gaussian,0.2,6.5,2.383566974021535,3.750576660052621,14.066825282931475
gaussian,0.2,6.6000000000000005,2.4001957489638417,3.8234180080786393,14.618525264500029
gaussian,0.2,6.7,2.416816248441035,3.896828783361586,15.18527456683534
gaussian,0.2,6.800000000000001,2.43341921561443,3.9707944853222026,15.767208844665216
gaussian,0.2,6.9,2.449995893365897,4.0453008181958205,16.364458709695775
gaussian,0.2,7.0,2.466538015878788,4.12033371426359,16.977149916897194
gaussian,0.2,7.1000000000000005,2.483037798435589,4.195879353723139,17.60540355100011
gaussian,0.2,7.2,2.4994879257080234,4.271924181419832,18.249336211799505
gaussian,0.2,7.300000000000001,2.5158815387966564,4.348454920668069,18.909060197082344
gaussian,0.2,7.4,2.5322122212570943,4.42545858439474,19.58468368219309
gaussian,0.2,7.5,2.548473984329702,4.502922483835939,20.276310895435223
gaussian,0.2,7.6000000000000005,2.564661251569319,4.5808342350131195,20.98404228866823
gaussian,0.2,7.7,2.580768843051526,4.659181763207617,21.707974702606442
gaussian,0.2,7.800000000000001,2.596791959312648,4.737953305642901,22.448201526452497
gaussian,0.2,7.9,2.612726165162097,4.81713741257287,23.204812851609244
gaussian,0.2,8.0,2.628567373488378,4.8967229469627584,23.977895619311642
gaussian,0.2,8.1,2.6443118291635304,4.976699082936191,24.767533762097926
gaussian,0.2,8.200000000000001,2.6599560931359267,5.057055303149478,25.573808339112258
gaussian,0.2,8.3,2.675497026787317,5.137781395241044,26.396797665285007
gaussian,0.2,8.4,2.690931776617451,5.218867447491253,27.23657743448387
gaussian,0.2,8.5,2.706257759308302,5.30030384381578,28.093220836768335
gaussian,0.2,8.6,2.721472647209602,5.3820812582036845,28.966798669907355
gaussian,0.2,8.700000000000001,2.7365743542783734,5.464190648700275,29.857379445343533
gaussian,0.2,8.8,2.751561022497122,5.54662325102437,30.765029488804146
gaussian,0.2,8.9,2.7664310087882993,5.629370571899727,31.689813035770662
gaussian,0.2,9.0,2.7811828724364585,5.7124243821712,32.63179232202402
gaussian,0.2,9.1,2.795815363024376,5.795776709768119,33.591027669490565
gaussian,0.2,9.200000000000001,2.810327408884654,5.879419832569293,34.567577567609135
gaussian,0.2,9.3,2.8247181060646813,5.963346271217438,35.56149875044292
gaussian,0.2,9.4,2.8389867077993753,6.047548781924145,36.57284626975221
gaussian,0.2,9.5,2.8531326144836076,6.132020349301027,37.60167356424189
gaussian,0.2,9.600000000000001,2.8671553641339047,6.216754179247429,38.64803252519038
gaussian,0.2,9.700000000000001,2.8810546233272074,6.3017436919203,39.71197355865729
gaussian,0.2,9.8,2.894830178603192,6.386982514808097,40.793545644464366
gaussian,0.2,9.9,2.908481928315377,6.472464475926408,41.89279639212931
gaussian,0.2,10.0,2.922009874915673,6.558183597150273,43.00977209393089
gaussian,0.5,0.0,1.0153350094255569,0.5673579024147476,0.32189498943246225
gaussian,0.5,0.1,1.0154462643797313,0.5702829065172819,0.32522259346579885
gaussian,0.5,0.2,1.0157818193517654,0.5789739506149828,0.33521083549072056
gaussian,0.5,0.30000000000000004,1.0163469632105995,0.5931916562303338,0.35187634102128645
gaussian,0.5,0.4,1.0171502426361534,0.6125748224435167,0.375247913091706
gaussian,0.5,0.5,1.0182030719874338,0.6366852347429205,0.40536808813964775
gaussian,0.5,0.6000000000000001,1.0195192119279988,0.6650527415986084,0.44229514910782536
gaussian,0.5,0.7000000000000001,1.0211141425573846,0.6972126238325501,0.486105442831469
gaussian,0.5,0.8,1.0230043638594022,0.7327317544661993,0.5368958240031146
gaussian,0.5,0.9,1.0252066612056916,0.7712237277335459,0.5947860382192265
gaussian,0.5,1.0,1.0277373752552348,0.8123551337634927,0.659920863351902
gaussian,0.5,1.1,1.0306117133262025,0.8558456932838354,0.7324718507124889
gaussian,0.5,1.2000000000000002,1.033843133514767,0.9014646646437924,0.8126385416013451
gaussian,0.5,1.3,1.0374428245726728,0.9490253293078839,0.9006490756679374
gaussian,0.5,1.4000000000000001,1.0414192952960935,0.9983787605583906,0.9967601495341082
gaussian,0.5,1.5,1.0457780783455632,1.049407605644751,1.1012563227850491
gaussian,0.5,1.6,1.0505215460619908,1.1020202814757367,1.214448700783862
gaussian,0.5,1.7000000000000002,1.0556488304992833,1.1561457731014928,1.3366730486604486
gaussian,0.5,1.8,1.0611558366019147,1.2117290986498508,1.46828740851478
gaussian,0.5,1.9000000000000001,1.0670353359088125,1.2687274346486357,1.6096693034301082
gaussian,0.5,2.0,1.0732771278840871,1.3271068602925056,1.761212618635432
gaussian,0.5,2.1,1.0798682564629196,1.3868396638582834,1.9233242532505566
gaussian,0.5,2.2,1.0867932702438585,1.4479021501105567,2.096420636294773
gaussian,0.5,2.3000000000000003,1.0940345156739724,1.5102728887419035,2.280924198468814
gaussian,0.5,2.4000000000000004,1.1015724534115092,1.5739313475447825,2.4772598867841347
gaussian,0.5,2.5,1.1093859887714894,1.6388568584375904,2.6858518024479285
gaussian,0.5,2.6,1.1174528077951904,1.705027868857314,2.9071200335801137
gaussian,0.5,2.7,1.1257497111016654,1.772421435081486,3.1414777435363144
gaussian,0.5,2.8000000000000003,1.134252938349225,1.8410129177218528,3.3893285632187298
gaussian,0.5,2.9000000000000004,1.142938476910494,1.91077584303551,3.6510643223280637
gaussian,0.5,3.0,1.1517823492707377,1.9816818969551886,3.927063140719915
gaussian,0.5,3.1,1.1607608746891056,2.0537010219592426,4.217687887596438
gaussian,0.5,3.2,1.1698509017831786,2.12680159015014,4.523285003865163
gaussian,0.5,3.3000000000000003,1.1790300098578699,2.2009506292045926,4.844183672196092
gaussian,0.5,3.4000000000000004,1.1882766779426006,2.276114081177192,5.180695310533093
gaussian,0.5,3.5,1.1975704215591847,2.352257077371333,5.533113358043526
gaussian,0.5,3.6,1.2068918982020942,2.429344215745188,5.901713318574602
gaussian,0.5,3.7,1.2162229832717306,2.5073398301494927,6.286753023854087
gaussian,0.5,3.8000000000000003,1.2255468188241834,2.586208243496401,6.688473078728739
gaussian,0.5,3.9000000000000004,1.2348478379173482,2.6659139993095478,7.107097451714627
gaussian,0.5,4.0,1.2441117675851363,2.746422068164798,7.542834176502607
gaussian,0.5,4.1000000000000005,1.2533256135677076,2.827698027234503,7.9958761332259
gaussian,0.5,4.2,1.2624776298917835,2.909708212512167,8.466401881960751
gaussian,0.5,4.3,1.2715572762584049,2.9924198443422867,8.954576524813515
gaussian,0.5,4.4,1.280555165983226,3.0758011276451036,9.460552576822892
gaussian,0.5,4.5,1.289463006972104,3.1598213287472166,9.984470829605826
gaussian,0.5,4.6000000000000005,1.2982735379244899,3.2444508310473283,10.5264611950837
gaussian,0.5,4.7,1.3069804616572565,3.3296611719015146,11.086643519668566
gaussian,0.5,4.800000000000001,1.3155783771464924,3.4154250631418406,11.665128361937446
gaussian,0.5,4.9,1.3240627116048405,3.5017163975785155,12.262017729070257
gaussian,0.5,5.0,1.3324296536541531,3.5885102437066414,12.877405769187499
gaussian,0.5,5.1000000000000005,1.3406760884218727,3.675782830667729,13.511379418231664
gaussian,0.5,5.2,1.3487995351863649,3.7635115253211,14.164019001224752
gaussian,0.5,5.300000000000001,1.356798088021642,3.851674803075563,14.835398788647177
gaussian,0.5,5.4,1.3646703597443866,3.94025221392728,15.52558750935883
gaussian,0.5,5.5,1.3724154293440343,4.0292243449535095,16.234648821966037
gaussian,0.5,5.6000000000000005,1.3800327929773861,4.118572780327717,16.962641746856377
gaussian,0.5,5.7,1.3875223185302872,4.208280059753411,17.709621061318174
gaussian,0.5,5.800000000000001,1.3948842036874871,4.298329636062359,18.475637660251973
gaussian,0.5,5.9,1.4021189374054392,4.388705832588681,19.26073888499791
gaussian,0.5,6.0,1.409227264648981,4.479393800812875,20.06496882276081
gaussian,0.5,6.1000000000000005,1.4162101542294119,4.5703794786682,20.888368579031408
gaussian,0.5,6.2,1.4230687695665294,4.6616495498151025,21.730976525291346
gaussian,0.5,6.300000000000001,1.429804442188961,4.753191404115685,22.592828524159238
gaussian,0.5,6.4,1.436418647784235,4.844993099478615,23.4739581339954
gaussian,0.5,6.5,1.4429129846112303,4.937043325193572,24.3743967948384
gaussian,0.5,6.6000000000000005,1.449289154091922,5.029331366832161,25.294173997401852
gaussian,0.5,6.7,1.455548943405856,5.121847072757955,26.233317436719233
gaussian,0.5,6.800000000000001,1.4616942099188857,5.214580822260691,27.19185315188899
gaussian,0.5,6.9,1.4677268672868147,5.307523495307692,28.169805653243184
gaussian,0.5,7.0,1.4736488730843145,5.400666443888509,29.167198038143358
gaussian,0.5,7.1000000000000005,1.4794622178194794,5.494001464915579,30.184052096494526
gaussian,0.5,7.2,1.4851689152043632,5.587520774633854,31.220388406964908
gaussian,0.5,7.300000000000001,1.4907709935616904,5.681216984485292,32.27622642480416
gaussian,0.5,7.4,1.4962704882574216,5.775083078369127,33.351584562065426
gaussian,0.5,7.5,1.5016694350579531,5.8691123912357925,34.44648026095752
gaussian,0.5,7.6000000000000005,1.506969864319376,5.963298588950787,35.56093006098244
gaussian,0.5,7.7,1.5121737959242691,6.057635649364067,36.69494966044642
gaussian,0.5,7.800000000000001,1.5172832348891496,6.15211784452124,37.84855397287667
gaussian,0.5,7.9,1.5223001675726575,6.246739723953576,39.0217571788196
gaussian,0.5,8.0,1.5272265584211462,6.341496098985832,40.21457277345253
gaussian,0.5,8.1,1.5320643471942628,6.43638202800249,41.427013610393445
gaussian,0.5,8.200000000000001,1.536815446618681,6.531392802615634,42.659091942059305
gaussian,0.5,8.3,1.5414817404231387,6.626523934679866,43.91081945688513
gaussian,0.5,8.4,1.5460650817125532,6.721771144102348,45.182207313686995
gaussian,0.5,8.5,1.5505672916432003,6.8171303473986935,46.47326617342423
gaussian,0.5,8.6,1.554990158364701,6.912597646947871,47.78400622858925
gaussian,0.5,8.700000000000001,1.5593354361980916,7.008169320902127,49.11443723043378
gaussian,0.5,8.8,1.5636048450223257,7.103841813710201,50.46456851421743
gaussian,0.5,8.9,1.5678000698444432,7.19961172721482,51.83440902264916
gaussian,0.5,9.0,1.5719227605311712,7.2954758122875685,53.22396732767296
gaussian,0.5,9.1,1.5759745316820637,7.39143096096671,54.633251650737265
gaussian,0.5,9.200000000000001,1.5799569626263794,7.487474199065669,56.06226988167408
gaussian,0.5,9.3,1.583871597527749,7.58360267922175,57.5110295962993
gaussian,0.5,9.4,1.5877199455824282,7.6798136743569545,58.979538072840064
gaussian,0.5,9.5,1.5915034812984252,7.776104571524293,60.467802307281005
gaussian,0.5,9.600000000000001,1.5952236448441723,7.872472866114892,61.97582902771522
gaussian,0.5,9.700000000000001,1.598881842456661,7.968916156402764,63.503624707777
gaussian,0.5,9.8,1.602479446900062,8.065432138405747,65.05119557922829
gaussian,0.5,9.9,1.6060177979668242,8.162018601042325,66.6185476437609
gaussian,0.5,10.0,1.6094982030141962,8.258673421565694,68.20568668407562
gaussian,1.0,0.0,0.6317696414162873,0.39863619137533035,0.158910813074229
gaussian,1.0,0.1,0.6318907194056158,0.4042741392403407,0.1634375796585184
gaussian,1.0,0.2,0.6322554701621639,0.42075351686363793,0.17703352195311964
gaussian,1.0,0.30000000000000004,0.63286826497236,0.44692982155108124,0.19974626539168133
gaussian,1.0,0.4,0.6337358131520887,0.4813079914037669,0.23165738258912855
gaussian,1.0,0.5,0.6348663680490925,0.5223842084058213,0.2728852611917766
gaussian,1.0,0.6000000000000001,0.6362687455710687,0.5688482582631602,0.323588340929031
gaussian,1.0,0.7000000000000001,0.6379512623914666,0.6196516007956244,0.3839681063685799
gaussian,1.0,0.8,0.6399207023517354,0.6739964712949088,0.45427124331798885
gaussian,1.0,0.9,0.6421814060366485,0.7312937007562952,0.5347904767658378
gaussian,1.0,1.0,0.6447345540404854,0.7911155275149435,0.6258637778752474
gaussian,1.0,1.1,0.6475776849491617,0.8531540428884137,0.7278718208968452
gaussian,1.0,1.2000000000000002,0.6507044603489951,0.9171879606384995,0.8412337551402097
gaussian,1.0,1.3,0.6541046653896497,0.9830572259051138,0.966401509404258
gaussian,1.0,1.4000000000000001,0.657764416465679,1.0506440668286388,1.1038529551622211
gaussian,1.0,1.5,0.6616665373993759,1.1198590618123772,1.2540843183232975
gaussian,1.0,1.6,0.6657910609548021,1.1906310306874592,1.4176022512358815
gaussian,1.0,1.7000000000000002,0.6701158121175088,1.2628998230399024,1.594915963034217
gaussian,1.0,1.8,0.6746170320455163,1.3366112989994097,1.7865297646128893
gaussian,1.0,1.9000000000000001,0.6792700059922782,1.411713966033162,1.9929363218930793
gaussian,1.0,2.0,0.6840496641754414,1.4881568584294764,2.2146108352906886
gaussian,1.0,2.1,0.6889311310326912,1.5658883364237572,2.452006282147962
gaussian,1.0,2.2,0.6938902051345375,1.6448555498009076,2.705549779710846
gaussian,1.0,2.3000000000000003,0.698903758782478,1.7250043638656043,2.9756400553553783
gaussian,1.0,2.4000000000000004,0.7039500525933319,1.806279588782573,3.2626459528525413
gaussian,1.0,2.5,0.7090089658001703,1.8886253893034346,3.56690586112155
gaussian,1.0,2.6,0.7140621473369362,1.97198578232303,3.8887279256841727
gaussian,1.0,2.7,0.7190930959000651,2.056305155285957,4.228390891655604
gaussian,1.0,2.8000000000000003,0.724087179110681,2.1415287595806007,4.586145428110826
gaussian,1.0,2.9000000000000004,0.7290316027580727,2.227603150010849,4.962215793938256
gaussian,1.0,3.0,0.7339153410898233,2.3144765546228654,5.35680172189893
gaussian,1.0,3.1,0.7387290383901176,2.4020991684948747,5.770080415283768
gaussian,1.0,3.2,0.7434648911244225,2.490423373119195,6.202208577378388
gaussian,1.0,3.3000000000000003,0.7481165183538722,2.5794038854906476,6.65332440448425
gaussian,1.0,3.4000000000000004,0.752678826944253,2.6689978455575405,7.123549499590792
gaussian,1.0,3.5,0.7571478765861872,2.7591648507500337,7.612990673614456
gaussian,1.0,3.6,0.7615207484377969,2.8498669469125266,8.121741615104526
gaussian,1.0,3.7,0.7657954201050816,2.9410685845020987,8.649884418745179
gaussian,1.0,3.8000000000000003,0.7699706487631087,3.0327365481156923,9.197490970276684
gaussian,1.0,3.9000000000000004,0.7740458634848467,3.124839866413136,9.764624190724867
gaussian,1.0,4.0,0.7780210672703941,3.2173497084435723,10.351339146421939
gaussian,1.0,4.1000000000000005,0.7818967488378608,3.3102392713483586,10.957684033576912
gaussian,1.0,4.2,0.7856738039258606,3.40348366345678,11.583701047417186
gaussian,1.0,4.3,0.7893534656443799,3.4970597859401553,12.229427146439805
gaussian,1.0,4.4,0.7929372432751922,3.5909462154560345,12.894894722298018
gaussian,1.0,4.5,0.7964268688470667,3.685123089596457,13.580132185476936
gaussian,1.0,4.6000000000000005,0.7998242507795199,3.779571996444942,14.285164476310804
gaussian,1.0,4.7,0.8031314338894536,3.874275869135209,15.010013510163379
gaussian,1.0,4.800000000000001,0.8063505650777852,3.969218885977677,15.754698564801872
gaussian,1.0,4.9,0.8094838640504581,4.064386376464774,16.519236617192455
gaussian,1.0,5.0,0.8125335984742085,4.159764733271114,17.303642636166103
gaussian,1.0,5.1000000000000005,0.8155020630178735,4.255341330218532,18.107929836666028
gaussian,1.0,5.2,0.8183915617817977,4.351104446069752,18.932109900607966
gaussian,1.0,5.300000000000001,0.821204393668833,4.447043193939336,19.776193168762166
gaussian,1.0,5.4,0.8239428402992007,4.543147456060499,20.640188807508984
gaussian,1.0,5.5,0.826609156117129,4.63940782361511,21.524104953821087
gaussian,1.0,5.6000000000000005,0.8292055603792751,4.7358155413176695,22.42794884138597
gaussian,1.0,5.7,0.8317342307532399,4.832362456438268,23.351726910394095
gaussian,1.0,5.800000000000001,0.8341972982890135,4.929040971951914,24.29544490318067
gaussian,1.0,5.9,0.8365968435570335,5.025844003509481,25.259107947612208
gaussian,1.0,6.0,0.8389348937739476,5.122764939937556,26.242720629853434
gaussian,1.0,6.1000000000000005,0.8412134207613592,5.2197976069889105,27.246287057927155
gaussian,1.0,6.2,0.8434343396040964,5.316936234081355,28.269810917287224
gaussian,1.0,6.300000000000001,0.8455995078931635,5.414175423779575,29.31329551945874
gaussian,1.0,6.4,0.8477107254547647,5.511510123791415,30.376743844655255
gaussian,1.0,6.5,0.8497697344809316,5.608935601266991,31.460158579160296
gaussian,1.0,6.6000000000000005,0.8517782199895318,5.706447419205114,32.563542148152706
gaussian,1.0,6.7,0.8537378105520564,5.804041414787072,33.68689674456352
gaussian,1.0,6.800000000000001,0.8556500792367565,5.901713679472602,34.83022435447403
gaussian,1.0,6.9,0.8575165447226107,5.999460540706545,35.99352677949487
gaussian,1.0,7.0,0.8593386725464118,6.097278545097652,37.17680565650814
gaussian,1.0,7.1000000000000005,0.8611178764511314,6.195164442942905,38.38006247510407
gaussian,1.0,7.2,0.8628555198087355,6.293115173981706,39.6032985929988
gaussian,1.0,7.300000000000001,0.8645529170949587,6.391127854274568,40.84651524968425
gaussian,1.0,7.4,0.8662113353972144,6.489199764110034,42.10971357852572
gaussian,1.0,7.5,0.8678319959399944,6.587328336852307,43.39289461749738
gaussian,1.0,7.6000000000000005,0.8694160756148054,6.685511148649726,44.69605931871978
gaussian,1.0,7.7,0.870964708503982,6.783745908931362,46.01920855694299
gaussian,1.0,7.800000000000001,0.8724789873896843,6.8820304516255195,47.36234313710095
gaussian,1.0,7.9,0.8739599652410435,6.980362727039778,48.72546380104621
gaussian,1.0,8.0,0.8754086566738405,7.078740794347634,50.10857123356137
gaussian,1.0,8.1,0.8768260393782906,7.177162814631629,51.51166606773101
gaussian,1.0,8.200000000000001,0.8782130555115141,7.275627044437265,52.93474888974693
gaussian,1.0,8.3,0.8795706130521392,7.374131829796155,54.37782024321278
gaussian,1.0,8.4,0.8808995871151761,7.472675600680341,55.840880633003295
gaussian,1.0,8.5,0.8822008212259196,7.571256865853181,57.32393052872894
gaussian,1.0,8.6,0.8834751285521194,7.669874208085125,58.82697036784943
gaussian,1.0,8.700000000000001,0.8847232930940842,7.768526279705502,60.350000558475
gaussian,1.0,8.8,0.8859460708327179,7.867211798463905,61.89302148188967
gaussian,1.0,8.9,0.8871441908357692,7.965929543677005,63.45603349482614
gaussian,1.0,9.0,0.888318356322803,8.064678352638726,65.03903693151968
gaussian,1.0,9.1,0.8894692456895862,8.163457117273538,66.64203210556398
gaussian,1.0,9.200000000000001,0.8905975134927204,8.262264781014364,68.26501931159034
gaussian,1.0,9.3,0.8917037913954723,8.361100335888086,69.90799882678786
gaussian,1.0,9.4,0.8927886890758371,8.459962819793159,71.57097091228262
gaussian,1.0,9.5,0.8938527950979329,8.55885131395496,73.25393581438856
gaussian,1.0,9.600000000000001,0.8948966777478692,8.65776494054584,74.95689376574472
gaussian,1.0,9.700000000000001,0.8959208858352602,8.756702860457754,76.67984498634901
gaussian,1.0,9.8,0.8969259494615741,8.855664271216476,78.42278968450003
gaussian,1.0,9.9,0.8979123807565057,8.95464840502714,80.1857280576551
gaussian,1.0,10.0,0.8988806745835655,9.053654526941784,81.96866029321346
gaussian,2.0,0.0,0.37505792279835537,0.2609827470423178,0.06811199425375443
gaussian,2.0,0.1,0.3751497842333519,0.272094394693335,0.07403535962353237
gaussian,2.0,0.2,0.3754258297979355,0.3030425887299877,0.09183481058417246
gaussian,2.0,0.30000000000000004,0.37588723353266973,0.3487105321857066,0.1215990352572387
gaussian,2.0,0.4,0.37653529952123843,0.40432361119459087,0.16347758256943468
gaussian,2.0,0.5,0.37737063277459715,0.4665644411317204,0.2176823777285546
gaussian,2.0,0.6000000000000001,0.37839223649856574,0.5333741963713735,0.2844880333548085
gaussian,2.0,0.7000000000000001,0.379596711036827,0.6035145865436609,0.3642298561709659
gaussian,2.0,0.8,0.38097769322512776,0.676238754798434,0.45729885349133653
gaussian,2.0,0.9,0.38252561460199336,0.7510882860120734,0.5641336133845543
gaussian,2.0,1.0,0.3842277918624394,0.8277738199336585,0.685209496967561
gaussian,2.0,1.1,0.3860688086170471,0.9061048543429836,0.8210260070639195
gaussian,2.0,1.2000000000000002,0.38803111227469195,0.9859479787623785,0.9720934168256196
gaussian,2.0,1.3,0.39009573505022016,1.0672018326728632,1.1389197516603178
gaussian,2.0,1.4000000000000001,0.39224305040570523,1.149782179186574,1.3219990595750273
gaussian,2.0,1.5,0.39445349032289934,1.233613246585654,1.5218016421515974
gaussian,2.0,1.6,0.3967081691509218,1.3186230001798718,1.7387666166033662
gaussian,2.0,1.7000000000000002,0.39898938167533027,1.4047408636496421,1.9732968940071425
gaussian,2.0,1.8,0.4012809630571324,1.4918969225781804,2.2257564275982453
gaussian,2.0,1.9000000000000001,0.4035685142784204,1.5800219702118279,2.4964694263520664
gaussian,2.0,2.0,0.4058395078223862,1.669047975452752,2.7857211443629306
gaussian,2.0,2.1,0.40808329460798015,1.7589087057514077,3.093759835168092
gaussian,2.0,2.2,0.4102910354423718,1.8495403443344869,3.4207994853209325
gaussian,2.0,2.3000000000000003,0.41245557951063966,1.940882014753768,3.7670229951946457
gaussian,2.0,2.4000000000000004,0.4145713097906573,2.0328761746569954,4.1325855414880595
gaussian,2.0,2.5,0.41663397171313077,2.125468871446891,4.51761792348972
gaussian,2.0,2.6,0.41864049759809596,2.2186098702527506,4.922229756382927
gaussian,2.0,2.7,0.42058883585860457,2.3122526734673543,5.346512425956927
gaussian,2.0,2.8000000000000003,0.42247779092773174,2.406354454171109,5.790541759109136
gaussian,2.0,2.9000000000000004,0.42430687741218664,2.50087592505816,6.2543803925355075
gaussian,2.0,3.0,0.4260761901800278,2.5957811629215106,6.73807984577815
gaussian,2.0,3.1,0.4277862906879961,2.691037404332123,7.2416823115145705
gaussian,2.0,3.2,0.42943810905148305,2.7866148261710557,7.765222189436343
gaussian,2.0,3.3000000000000003,0.431032860760974,2.8824863208310267,8.308727389777989
gaussian,2.0,3.4000000000000004,0.43257197666778796,2.97862727351243,8.872220434512093
gaussian,2.0,3.5,0.4340570447383604,3.0750153468036463,9.455719383077948
gaussian,2.0,3.6,0.43548976207402257,3.171630275985135,10.059238607545545
gaussian,2.0,3.7,0.4368718957657386,3.268453677146734,10.682789439654005
gaussian,2.0,3.8000000000000003,0.4382052512686031,3.365468869196826,11.326380709532962
gaussian,2.0,3.9000000000000004,0.43949164711681793,3.462660710108134,11.990019193326567
gaussian,2.0,4.0,0.4407328949414439,3.560015447229688,12.673709984513994
gaussian,2.0,4.1000000000000005,0.44193078389105095,3.657520581148053,13.377456801521593
gaussian,2.0,4.2,0.44308706868392317,3.755164742361355,14.10126224227382
gaussian,2.0,4.3,0.4442034606368581,3.8529375799038132,14.845127994635053
gaussian,2.0,4.4,0.4452816211187342,3.950829660999789,15.609055010235707
gaussian,2.0,4.5,0.44632315696697245,4.048832380814954,16.393043647935688
gaussian,2.0,4.6000000000000005,0.44732961748247835,4.146937881392646,17.19709379212933
gaussian,2.0,4.7,0.4483024926847186,4.245138978904564,18.021204950214887
gaussian,2.0,4.800000000000001,0.4492432125644762,4.343429098398526,18.865376332815035
gaussian,2.0,4.9,0.45015314711881693,4.441802215286132,19.72960691972079
gaussian,2.0,5.0,0.45103360699208084,4.540252802875689,20.61389551402055
gaussian,2.0,5.1000000000000005,0.451885844579411,4.638775785317993,21.51824078645256
gaussian,2.0,5.2,0.45271105547644364,4.737366495392579,22.44264131166817
gaussian,2.0,5.300000000000001,0.45351038018117956,4.836020636618773,23.387095597802645
gaussian,2.0,5.4,0.4542849059725172,4.934734249228639,24.351602110510143
gaussian,2.0,5.5,0.4550356689050798,5.033503679587459,25.336159292420486
gaussian,2.0,5.6000000000000005,0.4557636558723957,5.132325552691618,26.340765578811318
gaussian,2.0,5.7,0.45646980670063636,5.231196747413813,27.36541941015286
gaussian,2.0,5.800000000000001,0.457155016243392,5.33011437420162,28.410119242070728
gaussian,2.0,5.9,0.4578201364546872,5.429075754967728,29.47486355317841
gaussian,2.0,6.0,0.4584659784228882,5.528078404939156,30.55965085115464
gaussian,2.0,6.1000000000000005,0.4590933143525561,5.627120016258462,31.664479677376633
gaussian,2.0,6.2,0.45970287948483934,5.7261984431529624,32.78934861036741
gaussian,2.0,6.300000000000001,0.46029537394983966,5.825311688508318,33.93425626827163
gaussian,2.0,6.4,0.46087146454664957,5.924457891700967,35.099201310537865
gaussian,2.0,6.5,0.46143178644854677,6.023635317559885,36.28418243895477
gaussian,2.0,6.6000000000000005,0.46197694483224816,6.122842346342426,37.48919839816403
gaussian,2.0,6.7,0.46250751643122245,6.222077464621557,38.71424797575142
gaussian,2.0,6.800000000000001,0.4630240510139048,6.321339256992967,39.9593300020004
gaussian,2.0,6.9,0.4635270727883074,6.420626398520479,41.224443349378056
gaussian,2.0,7.0,0.46401708173498885,6.5199376478468745,42.509586931811036
gaussian,2.0,7.1000000000000005,0.4644945548707,6.619271840905107,43.81475970379928
gaussian,2.0,7.2,0.464959947445257,6.7186278851717,45.13996065940675
gaussian,2.0,7.300000000000001,0.46541369407435257,6.8180047544103255,46.4851888311618
gaussian,2.0,7.4,0.4658562098111049,6.917401483858926,47.85044328889367
gaussian,2.0,7.5,0.4662878911591757,7.016817165818596,49.23572313852651
gaussian,2.0,7.6000000000000005,0.4667091170302917,7.116250945606766,50.64102752084919
gaussian,2.0,7.7,0.467120249648963,7.215702017841015,52.0663556102749
gaussian,2.0,7.800000000000001,0.4675216354071331,7.315169623023259,53.51170661360224
gaussian,2.0,7.9,0.4679136056714203,7.414653044397084,54.97707976878694
gaussian,2.0,8.0,0.4682964775455189,7.514151605053743,56.46247434373174
gaussian,2.0,8.1,0.46867055459022894,7.613664665264664,57.96788963509969
gaussian,2.0,8.200000000000001,0.46903612750348356,7.713191620020591,59.49332496715588
gaussian,2.0,8.3,0.46939347476263055,7.812731896759305,61.038779690640254
gaussian,2.0,8.4,0.4697428632311212,7.912284953265688,62.604253181674615
gaussian,2.0,8.5,0.4700845487316484,8.01185027572937,64.18974484070479
gaussian,2.0,8.6,0.47041877658767134,8.111427376946613,65.79525409147902
gaussian,2.0,8.700000000000001,0.47074578213516144,8.211015794654415,67.42078038006427
gaussian,2.0,8.8,0.4710657912062996,8.310615089985722,69.0663231738984
gaussian,2.0,8.9,0.4713790205867636,8.410224846035963,70.73188196088063
gaussian,2.0,9.0,0.4716856784481454,8.50984466653169,72.41745624849784
gaussian,2.0,9.1,0.4719859647569522,8.609474174593169,74.12304556298673
gaussian,2.0,9.200000000000001,0.47228007166156083,8.70911301158343,75.8486494485318
gaussian,2.0,9.3,0.47256818385841015,8.80876083603684,77.59426746649643
gaussian,2.0,9.4,0.47285047893864496,8.908417322661116,79.35989919468864
gaussian,2.0,9.5,0.4731271277163477,9.008082161406918,81.14554422665753
gaussian,2.0,9.600000000000001,0.473398294539428,9.107755056599947,82.9512021710219
gaussian,2.0,9.700000000000001,0.47366413758417625,9.207435726130706,84.77687265082808
gaussian,2.0,9.8,0.4739248091344227,9.30712390069763,86.62255530293706
gaussian,2.0,9.9,0.4741804558461914,9.406819323099528,88.48824977743867
gaussian,2.0,10.0,0.4744312189986805,9.506521747573762,90.3739557370929
gaussian,5.0,0.0,0.17419819403919581,0.13245234513030896,0.01754362373051848
gaussian,5.0,0.1,0.17423600504950518,0.15881390121628391,0.025221855219535586
gaussian,5.0,0.2,0.17434906061882424,0.21975756711783342,0.048293388305549065
gaussian,5.0,0.30000000000000004,0.17453613787601063,0.2947337675241216,0.08686799371896296
gaussian,5.0,0.4,0.17479494090210465,0.3756670369857155,0.14112572267762696
gaussian,5.0,0.5,0.175121846135834,0.4596861850108949,0.2113113886898707
gaussian,5.0,0.6000000000000001,0.17551174570451478,0.545642167091449,0.2977253745082527
gaussian,5.0,0.7000000000000001,0.17595807532255034,0.6330171744988279,0.4007107432104795
gaussian,5.0,0.8,0.17645304655592017,0.7215522420468073,0.5206376380027744
gaussian,5.0,0.9,0.17698804022835207,0.8111021467147174,0.6578866924052229
gaussian,5.0,1.0,0.1775540810908431,0.9015727172475982,0.8128333644852177
gaussian,5.0,1.1,0.17814230893465396,0.9928921255941775,0.9858347730669239
gaussian,5.0,1.2000000000000002,0.1787443799438658,1.08499768086884,1.177219967490761
gaussian,5.0,1.3,0.17935276100399603,1.1778301519350196,1.3872838668072713
gaussian,5.0,1.4000000000000001,0.17996090751919208,1.2713318017285047,1.616284550086246
gaussian,5.0,1.5,0.1805633355997135,1.3654461718756508,1.8644432482898692
gaussian,5.0,1.6,0.18115561059639768,1.4601185810888673,2.131946270840967
gaussian,5.0,1.7000000000000002,0.18173427727334393,1.555296800830623,2.4189481386739704
gaussian,5.0,1.8,0.18229675503837617,1.650931652507007,2.725575321249517
gaussian,5.0,1.9000000000000001,0.18284121715336568,1.7469774270541043,3.0519301306365785
gaussian,5.0,2.0,0.18336646762883388,1.843392110788001,3.3980944741154415
gaussian,5.0,2.1,0.18387182471006935,1.940137440795096,3.7641332891749446
gaussian,5.0,2.2,0.18435701600271762,2.037178827658828,4.150097575861397
gaussian,5.0,2.3000000000000003,0.18482208747290285,2.1344851846327177,4.556027003416567
gaussian,5.0,2.4000000000000004,0.18526732668002974,2.2320286975271864,4.981952106584908
gaussian,5.0,2.5,0.1856931994633188,2.3297845625947913,5.427896108105003
gaussian,5.0,2.6,0.18610029870151826,2.427730712678265,5.8938764132813155
gaussian,5.0,2.7,0.18648930352220783,2.5258475457342424,6.379905824291696
gaussian,5.0,2.8000000000000003,0.18686094732115796,2.6241176650482205,6.885993520018125
gaussian,5.0,2.9000000000000004,0.1872159930564526,2.722525636570386,7.412145841782984
gaussian,5.0,3.0,0.18755521445685305,2.821057766307546,7.958366920844121
gaussian,5.0,3.1,0.1878793819727621,2.9197018987458945,8.524659177540382
gaussian,5.0,3.2,0.18818925248770477,3.0184472360971113,9.11102371710229
gaussian,5.0,3.3000000000000003,0.18848556198116065,3.1172841773961326,9.717460642644284
gaussian,5.0,3.4000000000000004,0.18876902048542027,3.2162041760466726,10.343969302020056
gaussian,5.0,3.5,0.18904030880841854,3.3151996142023417,10.990548482007355
gaussian,5.0,3.6,0.18930007660223575,3.4142636923113177,11.657196560635311
gaussian,5.0,3.7,0.18954894144531761,3.513390332186625,12.343911626302443
gaussian,5.0,3.8000000000000003,0.1897874886780624,3.612574092054334,13.050691570582195
gaussian,5.0,3.9000000000000004,0.1900162717888862,3.711810092152445,13.777534160204743
gaussian,5.0,4.0,0.1902358131936485,3.811093949586795,14.524437092577077
gaussian,5.0,4.1000000000000005,0.1904466052875486,3.910421721285856,15.291398038304235
gaussian,5.0,4.2,0.19064911167712872,4.009789854027162,16.07841467345917
gaussian,5.0,4.3,0.19084376852237458,4.109195140630378,16.885484703780314
gaussian,5.0,4.4,0.1910309859363484,4.208634681523733,17.71260588252438
gaussian,5.0,4.5,0.1912111494033437,4.308105850991119,18.55977602334391
gaussian,5.0,4.6000000000000005,0.19138462118704264,4.407606267496571,19.426993009275055
gaussian,5.0,4.7,0.19155174170823897,4.507133767561776,20.314254798695615
gaussian,5.0,4.800000000000001,0.19171283087788174,4.606686382741355,21.22155942893463
gaussian,5.0,4.9,0.19186818937592012,4.7062623193010396,22.1489050180728
gaussian,5.0,5.0,0.1920180998700011,4.805859940256289,23.09628976536018
gaussian,5.0,5.1000000000000005,0.19216282817075683,4.905477749474426,24.06371195058868
gaussian,5.0,5.2,0.19230262432240763,5.005114377582669,25.051169932684747
gaussian,5.0,5.300000000000001,0.19243772362886838,5.104768569458558,26.05866214773197
gaussian,5.0,5.4,0.19256834761659264,5.204439173108653,27.086187106587875
gaussian,5.0,5.5,0.19269470493612517,5.3041251297668115,28.133743392223796
gaussian,5.0,5.6000000000000005,0.19281699220482684,5.403825465065254,29.20132965688771
gaussian,5.0,5.7,0.19293539479355076,5.503539281150639,30.28894461916809
gaussian,5.0,5.800000000000001,0.19305008756022615,5.603265749633715,31.396587061018273
gaussian,5.0,5.9,0.1931612355333814,5.7030041052753,32.52425582478693
gaussian,5.0,6.0,0.19326899454864127,5.802753640323623,33.67194981028906
gaussian,5.0,6.1000000000000005,0.1933735118411798,5.902513699428615,34.839667971942475
gaussian,5.0,6.2,0.19347492659702198,6.0022836750680515,36.027409315988436
gaussian,5.0,6.300000000000001,0.19357337046597226,6.102063003428361,37.23517289780915
gaussian,5.0,6.4,0.1936689680388148,6.2018511606898565,38.46295781935012
gaussian,5.0,6.5,0.19376183729129273,6.30164765967231,39.7107632266535
gaussian,5.0,6.6000000000000005,0.1938520899972242,6.401452046801842,40.97858830750349
gaussian,5.0,6.7,0.19393983211297153,6.501263899364924,42.26643228918561
gaussian,5.0,6.800000000000001,0.19402516413533324,6.601082823019111,43.57429443635796
gaussian,5.0,6.9,0.1941081814347899,6.70090844953372,44.902174049032396
gaussian,5.0,7.0,0.19418897456590284,6.800740434736727,46.25007046066308
gaussian,5.0,7.1000000000000005,0.19426762955653482,6.9005784566468265,47.617983036338295
gaussian,5.0,7.2,0.1943442281774423,7.000422213771945,49.0059111710717
gaussian,5.0,7.300000000000001,0.1944188481936752,7.100271423557626,50.41385428818903
gaussian,5.0,7.4,0.19449156359911385,7.200125820970445,51.84181183780533
gaussian,5.0,7.5,0.19456244483537252,7.299985157203326,53.28978329538887
gaussian,5.0,7.6000000000000005,0.19463155899620738,7.399849198490936,54.757768160406954
gaussian,5.0,7.7,0.19469897001848013,7.499717725024686,56.24576595504945
gaussian,5.0,7.800000000000001,0.19476473886064818,7.599590529957889,57.75377622302563
gaussian,5.0,7.9,0.19482892366967958,7.699467418492687,59.28179852843044
gaussian,5.0,8.0,0.1948915799372215,7.799348207041168,60.829832454676286
gaussian,5.0,8.1,0.1949527606457885,7.899232722453876,62.39787760348607
gaussian,5.0,8.200000000000001,0.19501251640567774,7.999120801309639,63.98593359394456
gaussian,5.0,8.3,0.1950708955832662,8.099012289261216,65.5940000616042
gaussian,5.0,8.4,0.19512794442129294,8.198907040431825,67.22207665764255
gaussian,5.0,8.5,0.19518370715168554,8.298804916858039,68.87016304806716
gaussian,5.0,8.6,0.1952382261014482,8.398705787975125,70.53825891296687
gaussian,5.0,8.700000000000001,0.19529154179208724,8.498609530141085,72.22636394580488
gaussian,5.0,8.8,0.19534369303301793,8.59851602619615,73.93447785275202
gaussian,5.0,8.9,0.19539471700936079,8.698425165054779,75.66260035205826
gaussian,5.0,9.0,0.1954446493645055,8.798336841327368,77.41073117345844
gaussian,5.0,9.1,0.19549352427779507,8.8982509549693,79.17887005761204
gaussian,5.0,9.200000000000001,0.1955413745376528,8.998167410955066,80.9670167555738
gaussian,5.0,9.3,0.19558823161045538,9.098086118975418,82.77517102829319
gaussian,5.0,9.4,0.19563412570543107,9.198006993155783,84.60333264614269
gaussian,5.0,9.5,0.19567908583584048,9.29792995179411,86.45150138847002
gaussian,5.0,9.600000000000001,0.19572313987668344,9.397854917116804,88.3196770431765
gaussian,5.0,9.700000000000001,0.19576631461915298,9.497781815051185,90.20785940631698
gaussian,5.0,9.8,0.19580863582204497,9.597710575013283,92.11604828172179
gaussian,5.0,9.9,0.19585012826031636,9.697641129709778,94.04424348063874
gaussian,5.0,10.0,0.1958908157709714,9.797573414953035,95.99244482139449
cauchy,0.2,0.0,2.629568743720482,1.7169136034731893,2.947792321791292
cauchy,0.2,0.7142857142857143,2.6336620820640206,1.7750981456663522,3.150973426748122
cauchy,0.2,1.4285714285714286,2.6466929370231345,1.9404994090005485,3.765537956331478
cauchy,0.2,2.142857142857143,2.6704601055056694,2.19272180567817,4.808028917096535
cauchy,0.2,2.857142857142857,2.706544125123525,2.511779077124703,6.309034132281424
cauchy,0.2,3.5714285714285716,2.7550270159139774,2.8832021584853162,8.312854686694386
cauchy,0.2,4.285714285714286,2.8142408613119683,3.297419518764698,10.872975482730412
cauchy,0.2,5.0,2.881463289693738,3.7477800522772666,14.04585532024739
cauchy,0.2,5.714285714285714,2.9537665231251284,4.2291715005527015,17.88589158108719
cauchy,0.2,6.428571428571429,3.0285568341302342,4.737353066049402,22.442514072407672
cauchy,0.2,7.142857142857143,3.103784123361497,5.26868526635459,27.75904443590193
cauchy,0.2,7.857142857142858,3.177950677111251,5.82002098737407,33.87264429347464
cauchy,0.2,8.571428571428571,3.250032038961867,6.388647126588505,40.81481210806756
cauchy,0.2,9.285714285714286,3.319374868813825,6.972237194213906,48.612091492379804
cauchy,0.2,10.0,3.385601386030394,7.568805012231415,57.2868093131794
cauchy,0.5,0.0,1.296953786511722,0.9537872436056563,0.9097101060648755
cauchy,0.5,0.7142857142857143,1.3012532226153635,1.0826187716648847,1.1720634047611838
cauchy,0.5,1.4285714285714286,1.3163542726724313,1.4053129899182706,1.9749045996330292
cauchy,0.5,2.142857142857143,1.3445054878002543,1.836469448069607,3.3726200336930874
cauchy,0.5,2.857142857142857,1.382469422454911,2.334580090521527,5.450264199059501
cauchy,0.5,3.5714285714285716,1.4245577997275378,2.879933576559514,8.294017405394875
cauchy,0.5,4.285714285714286,1.4664804717279614,3.4602514005526075,11.973339755026283
cauchy,0.5,5.0,1.5059343793106692,4.066806863716768,16.538918066773814
cauchy,0.5,5.714285714285714,1.5419803209503233,4.693234653141263,22.026451509445995
cauchy,0.5,6.428571428571429,1.5744262595640794,5.33488012077015,28.460945902988534
cauchy,0.5,7.142857142857143,1.6034379478575738,5.988327434103976,35.86006545804231
cauchy,0.5,7.857142857142858,1.6293270602819834,6.651050409983734,44.23647155614479
cauchy,0.5,8.571428571428571,1.6524448393194706,7.321160680991407,53.59939371689457
cauchy,0.5,9.285714285714286,1.6731325219269164,7.997229295189643,63.95567639983944
cauchy,0.5,10.0,1.6917007855057389,8.678161106957457,75.31048019830908
cauchy,1.0,0.0,0.7415020786843993,0.5901256605773489,0.34824829527185247
cauchy,1.0,0.7142857142857143,0.7455182716976995,0.8140669348605327,0.6627049744332228
cauchy,1.0,1.4285714285714286,0.7599730438321229,1.2806047282747222,1.639948470079575
cauchy,1.0,2.142857142857143,0.7822664232933696,1.8375592560479581,3.3766240194875254
cauchy,1.0,2.857142857142857,0.8057025008346757,2.4437301582982327,5.971817086576306
cauchy,1.0,3.5714285714285716,0.826896755336975,3.0806466175105633,9.490383581979275
cauchy,1.0,4.285714285714286,0.8450500316333046,3.7375984514481315,13.969642184267471
cauchy,1.0,5.0,0.8603440804733675,4.4080550737543085,19.430949533251102
cauchy,1.0,5.714285714285714,0.8732150800801345,5.087920122957893,25.886931177599863
cauchy,1.0,6.428571428571429,0.88410377544384,5.774544837566371,33.34536808106442
cauchy,1.0,7.142857142857143,0.8933864737214566,6.466162394821882,41.811256116208654
cauchy,1.0,7.857142857142858,0.9013667014772291,7.1615588279223665,51.28792484579278
cauchy,1.0,8.571428571428571,0.908284498788464,7.859877082498978,61.77766775199265
cauchy,1.0,9.285714285714286,0.9143288949055839,8.560497120667105,73.2821109529498
cauchy,1.0,10.0,0.9196491757953565,9.262960481903264,85.80243688930155
cauchy,2.0,0.0,0.4126420103759098,0.35105612311316403,0.12324040157524498
cauchy,2.0,0.7142857142857143,0.41578523427868597,0.7016764388180811,0.49234982479242423
cauchy,2.0,1.4285714285714286,0.42550141152674814,1.285739567804026,1.6531262362168835
cauchy,2.0,2.142857142857143,0.4364944137274185,1.9261277035250817,3.7099679302868047
cauchy,2.0,2.857142857142857,0.445745795200358,2.593728125218275,6.727425587548307
cauchy,2.0,3.5714285714285716,0.45304322577068223,3.276366709202451,10.734578813170097
cauchy,2.0,4.285714285714286,0.4587792297199646,3.9679774652552653,15.7448451647736
cauchy,2.0,5.0,0.4633467378676162,4.665294375235727,21.764971607606114
cauchy,2.0,5.714285714285714,0.46704481603498493,5.3664370192830875,28.798646281931948
cauchy,2.0,6.428571428571429,0.47008845198540544,6.070258125094787,36.84803370527928
cauchy,2.0,7.142857142857143,0.47263129072914883,6.7760224507585844,45.91448025318437
cauchy,2.0,7.857142857142858,0.47478428806142087,7.483238910425342,55.998864590503864
cauchy,2.0,8.571428571428571,0.47662883684662266,8.191567825590234,67.1017834412451
cauchy,2.0,9.285714285714286,0.4782256595984337,8.900767148244213,79.22365582726343
cauchy,2.0,10.0,0.47962081090722825,9.610659938096731,92.36478444573746
cauchy,5.0,0.0,0.18179626391416417,0.1650353038204568,0.027236651507110486
cauchy,5.0,0.7142857142857143,0.18324326712853403,0.6783448123065193,0.46015168438316695
cauchy,5.0,1.4285714285714286,0.18637223178174292,1.3458390015147557,1.8112826179982344
cauchy,5.0,2.142857142857143,0.1889623623112248,2.035575755413394,4.143568656026811
cauchy,5.0,2.857142857142857,0.1908310016027308,2.7350278673308743,7.480377435076471
cauchy,5.0,3.5714285714285716,0.19219229126728224,3.43946393169548,11.829912137434128
cauchy,5.0,4.285714285714286,0.19321486734789575,4.146757947529282,17.19560147539726
cauchy,5.0,5.0,0.1940066122057343,4.855832045065263,23.579104849882693
cauchy,5.0,5.714285714285714,0.1946359155868582,5.566086429768292,30.981318143650736
cauchy,5.0,6.428571428571429,0.1951472752231641,6.277162300580038,39.402766547823276
cauchy,5.0,7.142857142857143,0.19557058538706115,6.988832389913064,48.84377817429795
cauchy,5.0,7.857142857142858,0.19592655770842177,7.7009459557893,59.30456861398758
cauchy,5.0,8.571428571428571,0.19622994652139317,8.413399160230478,70.78528542936691
cauchy,5.0,9.285714285714286,0.19649152438388165,9.126118182775246,83.28603308598095
cauchy,5.0,10.0,0.19671932912903797,9.839049123688591,96.80688765835723
mix,0.2,0.0,2.1877547599638505,1.2755547163213994,1.6270398343297656
mix,0.2,0.7142857142857143,2.1919355950990034,1.334454699901386,1.780769346088898
mix,0.2,1.4285714285714286,2.206149441287735,1.4988970493573672,2.2466923645722217
mix,0.2,2.142857142857143,2.234289198352644,1.7444008323262479,3.042934263820506
mix,0.2,2.857142857142857,2.2796438410447517,2.051312852718594,4.207884419728497
mix,0.2,3.5714285714285716,2.3425974165450807,2.408472186503353,5.800738273160242
mix,0.2,4.285714285714286,2.420567343567601,2.8095648907363966,7.89365487525862
mix,0.2,5.0,2.509364529622278,3.2498222147141944,10.561344427249871
mix,0.2,5.714285714285714,2.6045750500491094,3.7246841522334706,13.873272033899168
mix,0.2,6.428571428571429,2.7023875604507723,4.229637390551461,17.88983245555097
mix,0.2,7.142857142857143,2.799895223568166,4.76041603458421,22.661560822326457
mix,0.2,7.857142857142858,2.8950780671260765,5.313187852804609,28.229965159190453
mix,0.2,8.571428571428571,2.986647799773703,5.8846355240212365,34.628935250572695
mix,0.2,9.285714285714286,3.073864376538146,6.471952987016139,41.88617546614712
mix,0.2,10.0,3.1563736165412406,7.072796210650041,50.024446237385575
mix,0.5,0.0,1.1473705237291898,0.7555553204548546,0.5708638422676381
mix,0.5,0.7142857142857143,1.1530179164001957,0.8857508754241563,0.7845546133146593
mix,0.5,1.4285714285714286,1.1727613566447777,1.2022141326202074,1.4453188206717575
mix,0.5,2.142857142857143,1.20933609492856,1.6198543192710348,2.623928015661028
mix,0.5,2.857142857142857,1.2588520079397527,2.105743348659486,4.434155050423666
mix,0.5,3.5714285714285716,1.3139578776991603,2.6440633029752583,6.991070750140432
mix,0.5,4.285714285714286,1.368694504078935,3.222290147351274,10.383153793717094
mix,0.5,5.0,1.4197722531924546,3.8301230666829444,14.669842705936762
mix,0.5,5.714285714285714,1.4659072342764963,4.459743931463926,19.889315934229316
mix,0.5,6.428571428571429,1.506927786031526,5.105508114730846,26.066213109582513
mix,0.5,7.142857142857143,1.5431708018160724,5.763406609230828,33.216855743325596
mix,0.5,7.857142857142858,1.5751562260541936,6.430583540692563,41.3524046738261
mix,0.5,8.571428571428571,1.6034320664829262,7.104979279026896,50.48073055540155
mix,0.5,9.285714285714286,1.628508661524087,7.785084393460938,60.60753901330906
mix,0.5,10.0,1.6508360020226158,8.469773711247901,71.73706671974605
mix,1.0,0.0,0.6836856402666885,0.49201594821713673,0.24207969330000817
mix,1.0,0.7142857142857143,0.6892554165523296,0.7170333556313322,0.5141368330879285
mix,1.0,1.4285714285714286,0.7076813804556388,1.1722889248841288,1.3742613234059866
mix,1.0,2.142857142857143,0.7359051362714772,1.7169460881493674,2.9479038696114155
mix,1.0,2.857142857142857,0.7661531780724457,2.316900784235134,5.36802924398938
mix,1.0,3.5714285714285716,0.7936628625717504,2.952717948129604,8.7185432812067
mix,1.0,4.285714285714286,0.8170735252394021,3.6113390256441655,13.041769558140551
mix,1.0,5.0,0.836567157056549,4.284651564011583,18.358239024986908
mix,1.0,5.714285714285714,0.8527613812697289,4.967735742284255,24.678398405168494
mix,1.0,6.428571428571429,0.8662921673615773,5.657558421168486,32.00796728893445
mix,1.0,7.142857142857143,0.877697498640379,6.352189395701459,40.35031011886207
mix,1.0,7.857142857142858,0.887404321685686,7.050356900806566,49.70753242875077
mix,1.0,8.571428571428571,0.8957444236304891,7.751194823183837,60.08102118695191
mix,1.0,9.285714285714286,0.902974721991861,8.454095413674606,71.471729263514
mix,1.0,10.0,0.9092949924102406,9.158620765684827,83.88033432963331
mix,2.0,0.0,0.3931017363861326,0.3056038152238419,0.0933936918793681
mix,2.0,0.7142857142857143,0.397176520170561,0.656370787998529,0.4308226113378099
mix,2.0,1.4285714285714286,0.408866654015891,1.2286415838030096,1.5095601414499678
mix,2.0,2.142857142857143,0.4226753346974467,1.8615148433004527,3.465237511827909
mix,2.0,2.857142857142857,0.43463765204172067,2.527042461730484,6.385943603388864
mix,2.0,3.5714285714285716,0.4440856079085999,3.210354577354028,10.306376512337959
mix,2.0,4.285714285714286,0.45143505695592256,3.9036732523179625,15.238664860862698
mix,2.0,5.0,0.45720882394065315,4.602968426737994,21.187318337546845
mix,2.0,5.714285714285714,0.46182160011684853,5.30605484872336,28.154218057660675
mix,2.0,6.428571428571429,0.4655722435326261,6.011675769043015,36.14024555209893
mix,2.0,7.142857142857143,0.4686723073631526,6.719066797553509,45.14585862998597
mix,2.0,7.857142857142858,0.47127254960386367,7.427739671089228,55.171316621472705
mix,2.0,8.571428571428571,0.47348202979865694,8.137369176241751,66.21677711044936
mix,2.0,9.285714285714286,0.4753810301474356,8.84773089922871,78.28234206516647
mix,2.0,10.0,0.4770296876758428,9.558665199776385,91.36808040141612
mix,5.0,0.0,0.17791855707814405,0.14897745110410818,0.022194280937476944
mix,5.0,0.7142857142857143,0.17957371034756284,0.6617020572832153,0.43784961261283956
mix,5.0,1.4285714285714286,0.18322866305251825,1.3218173386451386,1.7472010767429171
mix,5.0,2.142857142857143,0.18651800056620632,2.00858805803966,4.034425986899532
mix,5.0,2.857142857142857,0.18894938255622362,2.70769625727528,7.33161902166256
mix,5.0,3.5714285714285716,0.19071142550256845,3.4127410407636516,11.646801411312572
mix,5.0,4.285714285714286,0.19201723128028342,4.120909534392581,16.98189539064768
mix,5.0,5.0,0.19301360305952436,4.8308774817647855,23.337377243822075
mix,5.0,5.714285714285714,0.1937949131137746,5.541963261213492,30.71335678864008
mix,5.0,6.428571428571429,0.19442225523263248,6.253786559605644,39.1098463331042
mix,5.0,7.142857142857143,0.1949362089206408,6.966120409105635,48.52683355415806
mix,5.0,7.857142857142858,0.19536452327750525,7.678821661433696,58.964302108103354
mix,5.0,8.571428571428571,0.1957267102554193,8.39179582951063,70.42223724419199
mix,5.0,9.285714285714286,0.1960368423266734,9.104978139871553,82.90062692753885
mix,5.0,10.0,0.19630530150451014,9.81832275288673,96.39946167985325
